_id,Invoice Number,Order Number,Issue Date,Due Date,Subtotal,Total Tax,Total Amount,Due Amount,Currency,Vendor Name,Vendor Address,Vendor Company ID,Vendor VAT Number,Customer Name,Customer Company ID,Customer VAT Number,Account Number,Sort Code,Terms,Notes,Description,Quantity,Amount Base,Tax Rate,Item Amount
5effd1e69d87960df6161a17,VF18-4983,VOR18-4933,2018-11-23,,12280.69,2287.57,14568.26,14568.26,eur,Brouwerij Bosteels NV,"Kerkstraat 96
9255 BUGGENHOUT
Ond. Nr. : BE 0441701475",,BE 0441701475,AB Inbev Belgium,,BE0433666709,446-3627811-54,,,,Karmeliet Vat 30 L EU,-121.27,67.37,21.0,1080.0
5effd1e69d87960df6161a17,VF18-4983,VOR18-4933,2018-11-23,,12280.69,2287.57,14568.26,14568.26,eur,Brouwerij Bosteels NV,"Kerkstraat 96
9255 BUGGENHOUT
Ond. Nr. : BE 0441701475",,BE 0441701475,AB Inbev Belgium,,BE0433666709,446-3627811-54,,,,Karmeliet glas 33 cl,0.0,1743.0,21.0,0.0
5effd1e69d87960df6161a17,VF18-4983,VOR18-4933,2018-11-23,,12280.69,2287.57,14568.26,14568.26,eur,Brouwerij Bosteels NV,"Kerkstraat 96
9255 BUGGENHOUT
Ond. Nr. : BE 0441701475",,BE 0441701475,AB Inbev Belgium,,BE0433666709,446-3627811-54,,,,Karmeliet Bak 24x33 EU,-360.0,19.3,21.0,1620.0
5effd1e69d87960df6161a17,VF18-4983,VOR18-4933,2018-11-23,,12280.69,2287.57,14568.26,14568.26,eur,Brouwerij Bosteels NV,"Kerkstraat 96
9255 BUGGENHOUT
Ond. Nr. : BE 0441701475",,BE 0441701475,AB Inbev Belgium,,BE0433666709,446-3627811-54,,,,Karmeliet glas 33 cl,0.0,1743.0,21.0,0.0
5effd1e69d87960df6161a17,VF18-4983,VOR18-4933,2018-11-23,,12280.69,2287.57,14568.26,14568.26,eur,Brouwerij Bosteels NV,"Kerkstraat 96
9255 BUGGENHOUT
Ond. Nr. : BE 0441701475",,BE 0441701475,AB Inbev Belgium,,BE0433666709,446-3627811-54,,,,Kwak Vat 30 L EU,0.0,59.37,21.0,180.0
5effd1e69d87960df6161a17,VF18-4983,VOR18-4933,2018-11-23,,12280.69,2287.57,14568.26,14568.26,eur,Brouwerij Bosteels NV,"Kerkstraat 96
9255 BUGGENHOUT
Ond. Nr. : BE 0441701475",,BE 0441701475,AB Inbev Belgium,,BE0433666709,446-3627811-54,,,,Palet Euro,0.0,0.0,0.0,87.5
5effd1e69d87960df6161a17,VF18-4983,VOR18-4933,2018-11-23,,12280.69,2287.57,14568.26,14568.26,eur,Brouwerij Bosteels NV,"Kerkstraat 96
9255 BUGGENHOUT
Ond. Nr. : BE 0441701475",,BE 0441701475,AB Inbev Belgium,,BE0433666709,446-3627811-54,,,,Palet chep,0.0,0.0,21.0,0.0
5effd1e69d87960df6161a17,VF18-4983,VOR18-4933,2018-11-23,,12280.69,2287.57,14568.26,14568.26,eur,Brouwerij Bosteels NV,"Kerkstraat 96
9255 BUGGENHOUT
Ond. Nr. : BE 0441701475",,BE 0441701475,AB Inbev Belgium,,BE0433666709,446-3627811-54,,,,Bak Kwak + flessen,0.0,0.0,0.0,-270.0
5effd1e69d87960df6161a17,VF18-4983,VOR18-4933,2018-11-23,,12280.69,2287.57,14568.26,14568.26,eur,Brouwerij Bosteels NV,"Kerkstraat 96
9255 BUGGENHOUT
Ond. Nr. : BE 0441701475",,BE 0441701475,AB Inbev Belgium,,BE0433666709,446-3627811-54,,,,Bak Karmeliet + flessen,0.0,0.0,0.0,-540.0
5effd1e69d87960df6161a17,VF18-4983,VOR18-4933,2018-11-23,,12280.69,2287.57,14568.26,14568.26,eur,Brouwerij Bosteels NV,"Kerkstraat 96
9255 BUGGENHOUT
Ond. Nr. : BE 0441701475",,BE 0441701475,AB Inbev Belgium,,BE0433666709,446-3627811-54,,,,Vat 30 l,0.0,0.0,0.0,-720.0
5effd1e69d87960df6161a17,VF18-4983,VOR18-4933,2018-11-23,,12280.69,2287.57,14568.26,14568.26,eur,Brouwerij Bosteels NV,"Kerkstraat 96
9255 BUGGENHOUT
Ond. Nr. : BE 0441701475",,BE 0441701475,AB Inbev Belgium,,BE0433666709,446-3627811-54,,,,Palet chep,0.0,0.0,21.0,0.0
5effd1e69d87960df6161a18,2018025400,4504647362,2018-12-11,2019-03-01,7966.46,477.99,14944.45,14944.45,eur,L N.V.,"COMMUNAUTES 110 GEMEENSCHAPPENLAAN
B-1200 BRUXELLES - BRUSSEL",,BE 0405.844.436,INBEV BELGIUM NV/SA,,BE0433666709,,,,,"SPA INTENSE 28X 250GLA
Langlopende deal
NET",320320.0,,6006.0,"2.058,88
283,67-
1 775.21"
5effd1e69d87960df6161a18,2018025400,4504647362,2018-12-11,2019-03-01,7966.46,477.99,14944.45,14944.45,eur,L N.V.,"COMMUNAUTES 110 GEMEENSCHAPPENLAAN
B-1200 BRUXELLES - BRUSSEL",,BE 0405.844.436,INBEV BELGIUM NV/SA,,BE0433666709,,,,,"KRAT + FLES SPA 28X 250GLA
PAL 1000X1200 CHEP",3204.0,,,1600.00
5effd1e69d87960df6161a18,2018025400,4504647362,2018-12-11,2019-03-01,7966.46,477.99,14944.45,14944.45,eur,L N.V.,"COMMUNAUTES 110 GEMEENSCHAPPENLAAN
B-1200 BRUXELLES - BRUSSEL",,BE 0405.844.436,INBEV BELGIUM NV/SA,,BE0433666709,,,,,SPA REINE 12X1000GLA,320.0,,6.0,1575.36
5effd1e69d87960df6161a18,2018025400,4504647362,2018-12-11,2019-03-01,7966.46,477.99,14944.45,14944.45,eur,L N.V.,"COMMUNAUTES 110 GEMEENSCHAPPENLAAN
B-1200 BRUXELLES - BRUSSEL",,BE 0405.844.436,INBEV BELGIUM NV/SA,,BE0433666709,,,,,"Langlopende deal
NET",320.0,,6.0,60841.51452
5effd1e69d87960df6161a18,2018025400,4504647362,2018-12-11,2019-03-01,7966.46,477.99,14944.45,14944.45,eur,L N.V.,"COMMUNAUTES 110 GEMEENSCHAPPENLAAN
B-1200 BRUXELLES - BRUSSEL",,BE 0405.844.436,INBEV BELGIUM NV/SA,,BE0433666709,,,,,"KRAT + FLES SPA 12X1000GLA
PAL 1000X1200 CHEP",3208.0,,,1440.00
5effd1e69d87960df6161a18,2018025400,4504647362,2018-12-11,2019-03-01,7966.46,477.99,14944.45,14944.45,eur,L N.V.,"COMMUNAUTES 110 GEMEENSCHAPPENLAAN
B-1200 BRUXELLES - BRUSSEL",,BE 0405.844.436,INBEV BELGIUM NV/SA,,BE0433666709,,,,,BRU 6X1000GLA,160.0,,6.0,560.64
5effd1e69d87960df6161a18,2018025400,4504647362,2018-12-11,2019-03-01,7966.46,477.99,14944.45,14944.45,eur,L N.V.,"COMMUNAUTES 110 GEMEENSCHAPPENLAAN
B-1200 BRUXELLES - BRUSSEL",,BE 0405.844.436,INBEV BELGIUM NV/SA,,BE0433666709,,,,,Langlopende deal,160.0,,,21.88
5effd1e69d87960df6161a18,2018025400,4504647362,2018-12-11,2019-03-01,7966.46,477.99,14944.45,14944.45,eur,L N.V.,"COMMUNAUTES 110 GEMEENSCHAPPENLAAN
B-1200 BRUXELLES - BRUSSEL",,BE 0405.844.436,INBEV BELGIUM NV/SA,,BE0433666709,,,,,NET,,,6.0,"550,/0"
5effd1e69d87960df6161a18,2018025400,4504647362,2018-12-11,2019-03-01,7966.46,477.99,14944.45,14944.45,eur,L N.V.,"COMMUNAUTES 110 GEMEENSCHAPPENLAAN
B-1200 BRUXELLES - BRUSSEL",,BE 0405.844.436,INBEV BELGIUM NV/SA,,BE0433666709,,,,,"KRAT + FLES BRU 6X1000GLA
PAL 1000X1200 CHEP",1602.0,,,560.00
5effd1e69d87960df6161a18,2018025400,4504647362,2018-12-11,2019-03-01,7966.46,477.99,14944.45,14944.45,eur,L N.V.,"COMMUNAUTES 110 GEMEENSCHAPPENLAAN
B-1200 BRUXELLES - BRUSSEL",,BE 0405.844.436,INBEV BELGIUM NV/SA,,BE0433666709,,,,,SPA REINE 28X 250GLA,240.0,,6.0,1544.16
5effd1e69d87960df6161a18,2018025400,4504647362,2018-12-11,2019-03-01,7966.46,477.99,14944.45,14944.45,eur,L N.V.,"COMMUNAUTES 110 GEMEENSCHAPPENLAAN
B-1200 BRUXELLES - BRUSSEL",,BE 0405.844.436,INBEV BELGIUM NV/SA,,BE0433666709,,,,,PAL 1000X1200 CHEP,3.0,,,
5effd1e69d87960df6161a18,2018025400,4504647362,2018-12-11,2019-03-01,7966.46,477.99,14944.45,14944.45,eur,L N.V.,"COMMUNAUTES 110 GEMEENSCHAPPENLAAN
B-1200 BRUXELLES - BRUSSEL",,BE 0405.844.436,INBEV BELGIUM NV/SA,,BE0433666709,,,,,SPA INTENSE 12X1000GLA,160.0,,6.0,787.68
5effd1e69d87960df6161a18,2018025400,4504647362,2018-12-11,2019-03-01,7966.46,477.99,14944.45,14944.45,eur,L N.V.,"COMMUNAUTES 110 GEMEENSCHAPPENLAAN
B-1200 BRUXELLES - BRUSSEL",,BE 0405.844.436,INBEV BELGIUM NV/SA,,BE0433666709,,,,,Langlopende deal,160.0,,,30.42
5effd1e69d87960df6161a18,2018025400,4504647362,2018-12-11,2019-03-01,7966.46,477.99,14944.45,14944.45,eur,L N.V.,"COMMUNAUTES 110 GEMEENSCHAPPENLAAN
B-1200 BRUXELLES - BRUSSEL",,BE 0405.844.436,INBEV BELGIUM NV/SA,,BE0433666709,,,,,PAL 1000X1200 CHEP,4.0,,,
5effd1e69d87960df6161a18,2018025400,4504647362,2018-12-11,2019-03-01,7966.46,477.99,14944.45,14944.45,eur,L N.V.,"COMMUNAUTES 110 GEMEENSCHAPPENLAAN
B-1200 BRUXELLES - BRUSSEL",,BE 0405.844.436,INBEV BELGIUM NV/SA,,BE0433666709,,,,,"SPA REINE 6X1000GLA
Langlopende deal
NET",0.001,,6006.0,"197,04
7,61-
189,43"
5effd1e69d87960df6161a18,2018025400,4504647362,2018-12-11,2019-03-01,7966.46,477.99,14944.45,14944.45,eur,L N.V.,"COMMUNAUTES 110 GEMEENSCHAPPENLAAN
B-1200 BRUXELLES - BRUSSEL",,BE 0405.844.436,INBEV BELGIUM NV/SA,,BE0433666709,,,,,PAL 1000X1200 CHEP,,,,
5effd1e69d87960df6161a18,2018025400,4504647362,2018-12-11,2019-03-01,7966.46,477.99,14944.45,14944.45,eur,L N.V.,"COMMUNAUTES 110 GEMEENSCHAPPENLAAN
B-1200 BRUXELLES - BRUSSEL",,BE 0405.844.436,INBEV BELGIUM NV/SA,,BE0433666709,,,,,BRU 24X 250GLA,0.002,,6.0,410.16
5effd1e69d87960df6161a18,2018025400,4504647362,2018-12-11,2019-03-01,7966.46,477.99,14944.45,14944.45,eur,L N.V.,"COMMUNAUTES 110 GEMEENSCHAPPENLAAN
B-1200 BRUXELLES - BRUSSEL",,BE 0405.844.436,INBEV BELGIUM NV/SA,,BE0433666709,,,,,Langlopende deal,,,,56.69
5effd1e69d87960df6161a18,2018025400,4504647362,2018-12-11,2019-03-01,7966.46,477.99,14944.45,14944.45,eur,L N.V.,"COMMUNAUTES 110 GEMEENSCHAPPENLAAN
B-1200 BRUXELLES - BRUSSEL",,BE 0405.844.436,INBEV BELGIUM NV/SA,,BE0433666709,,,,,PAL 1000X1200 CHEP,,,,
5effd1e69d87960df6161a18,2018025400,4504647362,2018-12-11,2019-03-01,7966.46,477.99,14944.45,14944.45,eur,L N.V.,"COMMUNAUTES 110 GEMEENSCHAPPENLAAN
B-1200 BRUXELLES - BRUSSEL",,BE 0405.844.436,INBEV BELGIUM NV/SA,,BE0433666709,,,,,BRU KZV 24X 250GLA,0.002,,6.0,410.16
5effd1e69d87960df6161a18,2018025400,4504647362,2018-12-11,2019-03-01,7966.46,477.99,14944.45,14944.45,eur,L N.V.,"COMMUNAUTES 110 GEMEENSCHAPPENLAAN
B-1200 BRUXELLES - BRUSSEL",,BE 0405.844.436,INBEV BELGIUM NV/SA,,BE0433666709,,,,,Langlopende deal,,,,56.69
5effd1e69d87960df6161a18,2018025400,4504647362,2018-12-11,2019-03-01,7966.46,477.99,14944.45,14944.45,eur,L N.V.,"COMMUNAUTES 110 GEMEENSCHAPPENLAAN
B-1200 BRUXELLES - BRUSSEL",,BE 0405.844.436,INBEV BELGIUM NV/SA,,BE0433666709,,,,,PAL 1000X1200 CHEP,,,,
5effd1e69d87960df6161a18,2018025400,4504647362,2018-12-11,2019-03-01,7966.46,477.99,14944.45,14944.45,eur,L N.V.,"COMMUNAUTES 110 GEMEENSCHAPPENLAAN
B-1200 BRUXELLES - BRUSSEL",,BE 0405.844.436,INBEV BELGIUM NV/SA,,BE0433666709,,,,,"SPA FR CITRON 28X 250GL
Langlopende deal
M0",0.003,,6006.0,"238,64
30,79."
5effd1e69d87960df6161a18,2018025400,4504647362,2018-12-11,2019-03-01,7966.46,477.99,14944.45,14944.45,eur,L N.V.,"COMMUNAUTES 110 GEMEENSCHAPPENLAAN
B-1200 BRUXELLES - BRUSSEL",,BE 0405.844.436,INBEV BELGIUM NV/SA,,BE0433666709,,,,,"KRAT + FLES SPA 28X 250GL
PAL 1000X1200 CHEP",,,,100.00
5effd1e69d87960df6161a19,,,2018-09-01,2018-11-30,47397.2,9953.41,57430.61,57430.61,czk,T-Mobile Czech Republic a.s.,"Tomíčkova 2144/1, 148 00 Praha 4",64949681,CZ64949681,AnheuserBusch InBev Czech s.r.o.,27572030,1736670918,19-2235210247,300,,,,,,,
5effd1e79d87960df6161a1a,3050463123,80,2018-12-07,2019-03-07,6108.49,1221.7,7330.19,7330.19,gbp,a.,"Customer Service Centre P.O. Box 12, Priestley Road
Worsley Manchester M28 2UT",,GB 226556555,AB InBey Uk LTD,,,2303211,,,"Gain five days additional credit and
avoid late payment fees. Direct Debit
is a convenient, automated method of
paying your bill. Sign up today!
Call 0800 111 333 to request a mandate",LIQUID NITROGEN,0.0,,258.22,1549.33
5effd1e79d87960df6161a1a,3050463123,80,2018-12-07,2019-03-07,6108.49,1221.7,7330.19,7330.19,gbp,a.,"Customer Service Centre P.O. Box 12, Priestley Road
Worsley Manchester M28 2UT",,GB 226556555,AB InBey Uk LTD,,,2303211,,,"Gain five days additional credit and
avoid late payment fees. Direct Debit
is a convenient, automated method of
paying your bill. Sign up today!
Call 0800 111 333 to request a mandate",ENVIRONMENT AND ENERGY SURCHARGE,,,32.31,193.86
5effd1e79d87960df6161a1a,3050463123,80,2018-12-07,2019-03-07,6108.49,1221.7,7330.19,7330.19,gbp,a.,"Customer Service Centre P.O. Box 12, Priestley Road
Worsley Manchester M28 2UT",,GB 226556555,AB InBey Uk LTD,,,2303211,,,"Gain five days additional credit and
avoid late payment fees. Direct Debit
is a convenient, automated method of
paying your bill. Sign up today!
Call 0800 111 333 to request a mandate",LIQUID NITROGEN,0.0,,94.73,568.36
5effd1e79d87960df6161a1a,3050463123,80,2018-12-07,2019-03-07,6108.49,1221.7,7330.19,7330.19,gbp,a.,"Customer Service Centre P.O. Box 12, Priestley Road
Worsley Manchester M28 2UT",,GB 226556555,AB InBey Uk LTD,,,2303211,,,"Gain five days additional credit and
avoid late payment fees. Direct Debit
is a convenient, automated method of
paying your bill. Sign up today!
Call 0800 111 333 to request a mandate",ENVIRONMENT AND ENERGY SURCHARGE,,,11.85,71.11
5effd1e79d87960df6161a1a,3050463123,80,2018-12-07,2019-03-07,6108.49,1221.7,7330.19,7330.19,gbp,a.,"Customer Service Centre P.O. Box 12, Priestley Road
Worsley Manchester M28 2UT",,GB 226556555,AB InBey Uk LTD,,,2303211,,,"Gain five days additional credit and
avoid late payment fees. Direct Debit
is a convenient, automated method of
paying your bill. Sign up today!
Call 0800 111 333 to request a mandate",LIQUID NITROGEN,0.0,,370.81,2224.85
5effd1e79d87960df6161a1a,3050463123,80,2018-12-07,2019-03-07,6108.49,1221.7,7330.19,7330.19,gbp,a.,"Customer Service Centre P.O. Box 12, Priestley Road
Worsley Manchester M28 2UT",,GB 226556555,AB InBey Uk LTD,,,2303211,,,"Gain five days additional credit and
avoid late payment fees. Direct Debit
is a convenient, automated method of
paying your bill. Sign up today!
Call 0800 111 333 to request a mandate",ENVIRONMENT AND ENERGY SURCHARGE,,,46.4,278.39
5effd1e79d87960df6161a1a,3050463123,80,2018-12-07,2019-03-07,6108.49,1221.7,7330.19,7330.19,gbp,a.,"Customer Service Centre P.O. Box 12, Priestley Road
Worsley Manchester M28 2UT",,GB 226556555,AB InBey Uk LTD,,,2303211,,,"Gain five days additional credit and
avoid late payment fees. Direct Debit
is a convenient, automated method of
paying your bill. Sign up today!
Call 0800 111 333 to request a mandate",LIQUID NITROGEN,0.0,,64.76,388.54
5effd1e79d87960df6161a1a,3050463123,80,2018-12-07,2019-03-07,6108.49,1221.7,7330.19,7330.19,gbp,a.,"Customer Service Centre P.O. Box 12, Priestley Road
Worsley Manchester M28 2UT",,GB 226556555,AB InBey Uk LTD,,,2303211,,,"Gain five days additional credit and
avoid late payment fees. Direct Debit
is a convenient, automated method of
paying your bill. Sign up today!
Call 0800 111 333 to request a mandate",ENVIRONMENT AND ENERGY SURCHARGE,,,8.1,48.61
5effd1e79d87960df6161a1a,3050463123,80,2018-12-07,2019-03-07,6108.49,1221.7,7330.19,7330.19,gbp,a.,"Customer Service Centre P.O. Box 12, Priestley Road
Worsley Manchester M28 2UT",,GB 226556555,AB InBey Uk LTD,,,2303211,,,"Gain five days additional credit and
avoid late payment fees. Direct Debit
is a convenient, automated method of
paying your bill. Sign up today!
Call 0800 111 333 to request a mandate",LIQUID NITROGEN,0.0,,297.32,1783.93
5effd1e79d87960df6161a1a,3050463123,80,2018-12-07,2019-03-07,6108.49,1221.7,7330.19,7330.19,gbp,a.,"Customer Service Centre P.O. Box 12, Priestley Road
Worsley Manchester M28 2UT",,GB 226556555,AB InBey Uk LTD,,,2303211,,,"Gain five days additional credit and
avoid late payment fees. Direct Debit
is a convenient, automated method of
paying your bill. Sign up today!
Call 0800 111 333 to request a mandate",ENVIRONMENT AND ENERGY SURCHARGE,,,37.2,223.21
5effd1e79d87960df6161a1b,48782,e4504618401,2018-11-26,2018-12-30,848.4,0.0,848.4,848.4,eur,Siege social:,"9-A, rue des Vosges
67600 EBERSHEIM",354018632,FR 95 354 018 632,BRASSERIE DU LUXEMBOURG MOUSEL DIE,,LU 19199421,,,Virement 30 jours,,"NATURCO CHARGE 10 KG
80 Ø 203 + 40 Ø 140",7.07,7.07,,848.4
5effd1e79d87960df6161a1b,48782,e4504618401,2018-11-26,2018-12-30,848.4,0.0,848.4,848.4,eur,Siege social:,"9-A, rue des Vosges
67600 EBERSHEIM",354018632,FR 95 354 018 632,BRASSERIE DU LUXEMBOURG MOUSEL DIE,,LU 19199421,,,Virement 30 jours,,CONSIGNE BTLE CO2 10 KG,60.98,60.98,,7317.6
5effd1e79d87960df6161a1b,48782,e4504618401,2018-11-26,2018-12-30,848.4,0.0,848.4,848.4,eur,Siege social:,"9-A, rue des Vosges
67600 EBERSHEIM",354018632,FR 95 354 018 632,BRASSERIE DU LUXEMBOURG MOUSEL DIE,,LU 19199421,,,Virement 30 jours,,CONSIGNE BOX,228.67,228.67,,686.01
5effd1e79d87960df6161a1b,48782,e4504618401,2018-11-26,2018-12-30,848.4,0.0,848.4,848.4,eur,Siege social:,"9-A, rue des Vosges
67600 EBERSHEIM",354018632,FR 95 354 018 632,BRASSERIE DU LUXEMBOURG MOUSEL DIE,,LU 19199421,,,Virement 30 jours,,DECONSIGNE BTLE CO2 10 KG,60.98,60.98,,-426.86
5effd1e79d87960df6161a1b,48782,e4504618401,2018-11-26,2018-12-30,848.4,0.0,848.4,848.4,eur,Siege social:,"9-A, rue des Vosges
67600 EBERSHEIM",354018632,FR 95 354 018 632,BRASSERIE DU LUXEMBOURG MOUSEL DIE,,LU 19199421,,,Virement 30 jours,,DECONSIGNE BTLE CO2 10 KG,60.98,60.98,,-2195.28
5effd1e79d87960df6161a1b,48782,e4504618401,2018-11-26,2018-12-30,848.4,0.0,848.4,848.4,eur,Siege social:,"9-A, rue des Vosges
67600 EBERSHEIM",354018632,FR 95 354 018 632,BRASSERIE DU LUXEMBOURG MOUSEL DIE,,LU 19199421,,,Virement 30 jours,,DECONSIGNE BTLE CO2 10 KG,60.98,60.98,,-182.94
5effd1e79d87960df6161a1b,48782,e4504618401,2018-11-26,2018-12-30,848.4,0.0,848.4,848.4,eur,Siege social:,"9-A, rue des Vosges
67600 EBERSHEIM",354018632,FR 95 354 018 632,BRASSERIE DU LUXEMBOURG MOUSEL DIE,,LU 19199421,,,Virement 30 jours,,DECONSIGNE BTLE CO2 10 KG,6098.0,60.98,,-2439.2
5effd1e79d87960df6161a1b,48782,e4504618401,2018-11-26,2018-12-30,848.4,0.0,848.4,848.4,eur,Siege social:,"9-A, rue des Vosges
67600 EBERSHEIM",354018632,FR 95 354 018 632,BRASSERIE DU LUXEMBOURG MOUSEL DIE,,LU 19199421,,,Virement 30 jours,,DECONSIGNE BTLE CO2 10 KG,60.98,60.98,,-670.78
5effd1e79d87960df6161a1b,48782,e4504618401,2018-11-26,2018-12-30,848.4,0.0,848.4,848.4,eur,Siege social:,"9-A, rue des Vosges
67600 EBERSHEIM",354018632,FR 95 354 018 632,BRASSERIE DU LUXEMBOURG MOUSEL DIE,,LU 19199421,,,Virement 30 jours,,DECONSIGNE BTLE CO2 10 KG,60.98,60.98,,-1402.54
5effd1e79d87960df6161a1b,48782,e4504618401,2018-11-26,2018-12-30,848.4,0.0,848.4,848.4,eur,Siege social:,"9-A, rue des Vosges
67600 EBERSHEIM",354018632,FR 95 354 018 632,BRASSERIE DU LUXEMBOURG MOUSEL DIE,,LU 19199421,,,Virement 30 jours,,DECONSIGNE BOX,228.67,228.67,,-686.01
5effd1e89d87960df6161a1c,1805756,BE2182669-01,2018-12-14,,940.52,940.52,940.52,940.52,eur,Team Relocations Brussels,"Vilvoordsesteenweg 140
1120 Neder-over-Heembeek",450118996,BE 0450 118 996,ABInbev Czech s.r.o.,6135,CZ27572030,310-1155794-28,310-1155794-28,,,real estate fee,,,,872.0
5effd1e89d87960df6161a1c,1805756,BE2182669-01,2018-12-14,,940.52,940.52,940.52,940.52,eur,Team Relocations Brussels,"Vilvoordsesteenweg 140
1120 Neder-over-Heembeek",450118996,BE 0450 118 996,ABInbev Czech s.r.o.,6135,CZ27572030,310-1155794-28,310-1155794-28,,,transaction fee,,,,68.52
5effd1e89d87960df6161a1d,1805687,BE2182517-02,2018-12-06,,185.0,0.0,185.0,185.0,eur,Team Relocations Brussels,"Vilvoordsesteenweg 140
1120 Neder-over-Heembeek",450118996,BE 0450 118 996,ABInbev Czech s.r.o.,,CZ27572030,310-1155794-28,310-1155794-28,,,"ABI Move coordination
PO4504463653",,,,185.0
5effd1e89d87960df6161a1e,1805689,BE2161067-01,2018-12-07,,1206.99,0.0,1206.99,1206.99,eur,Team Relocations Brussels,"Vilvoordsesteenweg 140
1120 Neder-over-Heembeek",,BE 0450 118 996,ABInbev Czech s.r.o.,,CZ27572030,310-1155794-28,,,,Rent payment November 2018,,,,1119.88
5effd1e89d87960df6161a1e,1805689,BE2161067-01,2018-12-07,,1206.99,0.0,1206.99,1206.99,eur,Team Relocations Brussels,"Vilvoordsesteenweg 140
1120 Neder-over-Heembeek",,BE 0450 118 996,ABInbev Czech s.r.o.,,CZ27572030,310-1155794-28,,,,Transaction fee,,,,87.11
5effd1e99d87960df6161a1f,,,,,,,,,usd,,,,,,,,,,,,,,,,
5effd1e99d87960df6161a20,NGSL/ABInBev/448/18,NGSL/ABInBev/448/18,2018-09-30,,5300.0,0.0,5300.0,5300.0,usd,NewGalexy Services – a division of ContractPod Technologies Limited.,"Savoy Tower, Floor 9, 77 Renfrew Street, Glasgow, G2 3BZ Scotland",425646,150960419,AB InBev NV/SA,,BE 0417.497.106,8900534389,21000018,,"In accordance with our terms of business and agreement with you, InBev shall pay the invoiced amount(s) on the
first payment run after the end of the month following 60 days from the date on the relevant invoice","The provision of 0.5 FTE commercial lawyer support work
relating to your commercial contracts.",,,,5300.0
5effd1e99d87960df6161a20,NGSL/ABInBev/448/18,NGSL/ABInBev/448/18,2018-09-30,,5300.0,0.0,5300.0,5300.0,usd,NewGalexy Services – a division of ContractPod Technologies Limited.,"Savoy Tower, Floor 9, 77 Renfrew Street, Glasgow, G2 3BZ Scotland",425646,150960419,AB InBev NV/SA,,BE 0417.497.106,8900534389,21000018,,"In accordance with our terms of business and agreement with you, InBev shall pay the invoiced amount(s) on the
first payment run after the end of the month following 60 days from the date on the relevant invoice",For the period 01/09/2018 – 30/09/2018,,,,
5effd1e99d87960df6161a21,47511,,2018-09-26,2018-10-30,848.4,0.0,848.4,848.4,eur,,"53, rue Jeanne d'Arc
55190 VOID VACON",354018632,FR 95 354 018 632,BRASSERIE DU LUXEMBOURG MOUSEL DIE,,LU 19199421,,,Virement 30 jours,,"NATURCO CHARGE 10 KG
80 0 203 + 40 0 140",,7.07,,
5effd1e99d87960df6161a21,47511,,2018-09-26,2018-10-30,848.4,0.0,848.4,848.4,eur,,"53, rue Jeanne d'Arc
55190 VOID VACON",354018632,FR 95 354 018 632,BRASSERIE DU LUXEMBOURG MOUSEL DIE,,LU 19199421,,,Virement 30 jours,,CONSIGNE BTLE CO2 10 KG,,60.98,,
5effd1e99d87960df6161a21,47511,,2018-09-26,2018-10-30,848.4,0.0,848.4,848.4,eur,,"53, rue Jeanne d'Arc
55190 VOID VACON",354018632,FR 95 354 018 632,BRASSERIE DU LUXEMBOURG MOUSEL DIE,,LU 19199421,,,Virement 30 jours,,CONSIGNE BOX,,228.67,,
5effd1e99d87960df6161a21,47511,,2018-09-26,2018-10-30,848.4,0.0,848.4,848.4,eur,,"53, rue Jeanne d'Arc
55190 VOID VACON",354018632,FR 95 354 018 632,BRASSERIE DU LUXEMBOURG MOUSEL DIE,,LU 19199421,,,Virement 30 jours,,DECONSIGNE BTLE CO2 10 KG,,60.98,,
5effd1e99d87960df6161a21,47511,,2018-09-26,2018-10-30,848.4,0.0,848.4,848.4,eur,,"53, rue Jeanne d'Arc
55190 VOID VACON",354018632,FR 95 354 018 632,BRASSERIE DU LUXEMBOURG MOUSEL DIE,,LU 19199421,,,Virement 30 jours,,DECONSIGNE BTLE CO2 10 KG,,60.98,,
5effd1e99d87960df6161a21,47511,,2018-09-26,2018-10-30,848.4,0.0,848.4,848.4,eur,,"53, rue Jeanne d'Arc
55190 VOID VACON",354018632,FR 95 354 018 632,BRASSERIE DU LUXEMBOURG MOUSEL DIE,,LU 19199421,,,Virement 30 jours,,DECONSIGNE BTLE CO2 10 KG,,60.98,,
5effd1e99d87960df6161a21,47511,,2018-09-26,2018-10-30,848.4,0.0,848.4,848.4,eur,,"53, rue Jeanne d'Arc
55190 VOID VACON",354018632,FR 95 354 018 632,BRASSERIE DU LUXEMBOURG MOUSEL DIE,,LU 19199421,,,Virement 30 jours,,DECONSIGNE BTLE CO2 10 KG,,60.98,,
5effd1e99d87960df6161a21,47511,,2018-09-26,2018-10-30,848.4,0.0,848.4,848.4,eur,,"53, rue Jeanne d'Arc
55190 VOID VACON",354018632,FR 95 354 018 632,BRASSERIE DU LUXEMBOURG MOUSEL DIE,,LU 19199421,,,Virement 30 jours,,DECONSIGNE BTLE CO2 10 KG,,60.98,,
5effd1e99d87960df6161a21,47511,,2018-09-26,2018-10-30,848.4,0.0,848.4,848.4,eur,,"53, rue Jeanne d'Arc
55190 VOID VACON",354018632,FR 95 354 018 632,BRASSERIE DU LUXEMBOURG MOUSEL DIE,,LU 19199421,,,Virement 30 jours,,DECONSIGNE BTLE CO2 10 KG,,60.98,,
5effd1e99d87960df6161a21,47511,,2018-09-26,2018-10-30,848.4,0.0,848.4,848.4,eur,,"53, rue Jeanne d'Arc
55190 VOID VACON",354018632,FR 95 354 018 632,BRASSERIE DU LUXEMBOURG MOUSEL DIE,,LU 19199421,,,Virement 30 jours,,DECONSIGNE BOX,,228.67,,
5effd1e99d87960df6161a22,2018025409,4504647999,2018-12-11,2019-03-01,4329.6,259.78,6519.38,6519.38,eur,A- SPADEL N.V.,"COMMUNAUTES 110 GEMEENSCHAPPENLAAN
B-1200 BRUXELLES - BRUSSEL",,BE 0405.844.436,INBEV BELGIUM NV/SA,,BE0433666709,,,,,"SPA INTENSE 18X 500GLA
Langlopende deal
NET",3030,,6.006,"235,74
32,46-
203 28"
5effd1e99d87960df6161a22,2018025409,4504647999,2018-12-11,2019-03-01,4329.6,259.78,6519.38,6519.38,eur,A- SPADEL N.V.,"COMMUNAUTES 110 GEMEENSCHAPPENLAAN
B-1200 BRUXELLES - BRUSSEL",,BE 0405.844.436,INBEV BELGIUM NV/SA,,BE0433666709,,,,,"KRAT + FLES SPA 18X 500GLA
PAL 1000X1200 CHEP",301,,,150.00
5effd1e99d87960df6161a22,2018025409,4504647999,2018-12-11,2019-03-01,4329.6,259.78,6519.38,6519.38,eur,A- SPADEL N.V.,"COMMUNAUTES 110 GEMEENSCHAPPENLAAN
B-1200 BRUXELLES - BRUSSEL",,BE 0405.844.436,INBEV BELGIUM NV/SA,,BE0433666709,,,,,SPA REINE18X 500GLA,60,,6.0,471.48
5effd1e99d87960df6161a22,2018025409,4504647999,2018-12-11,2019-03-01,4329.6,259.78,6519.38,6519.38,eur,A- SPADEL N.V.,"COMMUNAUTES 110 GEMEENSCHAPPENLAAN
B-1200 BRUXELLES - BRUSSEL",,BE 0405.844.436,INBEV BELGIUM NV/SA,,BE0433666709,,,,,"Langlopende deal
NET",60,,6.0,"64,92-
406,56"
5effd1e99d87960df6161a22,2018025409,4504647999,2018-12-11,2019-03-01,4329.6,259.78,6519.38,6519.38,eur,A- SPADEL N.V.,"COMMUNAUTES 110 GEMEENSCHAPPENLAAN
B-1200 BRUXELLES - BRUSSEL",,BE 0405.844.436,INBEV BELGIUM NV/SA,,BE0433666709,,,,,"KRAT + FLES SPA 18X 500GLA
PAL 1000X1200 CHEP",1,,,300.00
5effd1e99d87960df6161a22,2018025409,4504647999,2018-12-11,2019-03-01,4329.6,259.78,6519.38,6519.38,eur,A- SPADEL N.V.,"COMMUNAUTES 110 GEMEENSCHAPPENLAAN
B-1200 BRUXELLES - BRUSSEL",,BE 0405.844.436,INBEV BELGIUM NV/SA,,BE0433666709,,,,,SPA INTENSE 28X 250GLA,80,,6.0,514.72
5effd1e99d87960df6161a22,2018025409,4504647999,2018-12-11,2019-03-01,4329.6,259.78,6519.38,6519.38,eur,A- SPADEL N.V.,"COMMUNAUTES 110 GEMEENSCHAPPENLAAN
B-1200 BRUXELLES - BRUSSEL",,BE 0405.844.436,INBEV BELGIUM NV/SA,,BE0433666709,,,,,"Langlopende deal
NET",80,,6.0,"70,92-
443.80"
5effd1e99d87960df6161a22,2018025409,4504647999,2018-12-11,2019-03-01,4329.6,259.78,6519.38,6519.38,eur,A- SPADEL N.V.,"COMMUNAUTES 110 GEMEENSCHAPPENLAAN
B-1200 BRUXELLES - BRUSSEL",,BE 0405.844.436,INBEV BELGIUM NV/SA,,BE0433666709,,,,,"KRAT + FLES SPA 28X 250GLA
PAL 1000X1200 CHEP",801,,,400.00
5effd1e99d87960df6161a22,2018025409,4504647999,2018-12-11,2019-03-01,4329.6,259.78,6519.38,6519.38,eur,A- SPADEL N.V.,"COMMUNAUTES 110 GEMEENSCHAPPENLAAN
B-1200 BRUXELLES - BRUSSEL",,BE 0405.844.436,INBEV BELGIUM NV/SA,,BE0433666709,,,,,"SPA REINE 6X1000PET
Langlopende deal",150150,,6.0,"574,95
29,91-"
5effd1e99d87960df6161a22,2018025409,4504647999,2018-12-11,2019-03-01,4329.6,259.78,6519.38,6519.38,eur,A- SPADEL N.V.,"COMMUNAUTES 110 GEMEENSCHAPPENLAAN
B-1200 BRUXELLES - BRUSSEL",,BE 0405.844.436,INBEV BELGIUM NV/SA,,BE0433666709,,,,,PAL 1000X1200 CHEP,1,,,
5effd1e99d87960df6161a22,2018025409,4504647999,2018-12-11,2019-03-01,4329.6,259.78,6519.38,6519.38,eur,A- SPADEL N.V.,"COMMUNAUTES 110 GEMEENSCHAPPENLAAN
B-1200 BRUXELLES - BRUSSEL",,BE 0405.844.436,INBEV BELGIUM NV/SA,,BE0433666709,,,,,SPA REINE 12X1000GLA,240,,6.0,1181.52
5effd1e99d87960df6161a22,2018025409,4504647999,2018-12-11,2019-03-01,4329.6,259.78,6519.38,6519.38,eur,A- SPADEL N.V.,"COMMUNAUTES 110 GEMEENSCHAPPENLAAN
B-1200 BRUXELLES - BRUSSEL",,BE 0405.844.436,INBEV BELGIUM NV/SA,,BE0433666709,,,,,Langlopende deal,240,,,45.63
5effd1e99d87960df6161a22,2018025409,4504647999,2018-12-11,2019-03-01,4329.6,259.78,6519.38,6519.38,eur,A- SPADEL N.V.,"COMMUNAUTES 110 GEMEENSCHAPPENLAAN
B-1200 BRUXELLES - BRUSSEL",,BE 0405.844.436,INBEV BELGIUM NV/SA,,BE0433666709,,,,,PAL 1000X1200 CHEP,6,,,
5effd1ea9d87960df6161a23,"742-8105
N:16244407",10637166,2016-08-10,2016-06-22,1714.9,342.98,2057.88,2057.88,eur,CHUBB FRANCE,,,59110,INBEV LA MADELEINE,501508,825,,,,,,15.04,,20.0,1504.0
5effd1ea9d87960df6161a23,"742-8105
N:16244407",10637166,2016-08-10,2016-06-22,1714.9,342.98,2057.88,2057.88,eur,CHUBB FRANCE,,,59110,INBEV LA MADELEINE,501508,825,,,,,,1.0,,20.0,120.8
5effd1ea9d87960df6161a23,"742-8105
N:16244407",10637166,2016-08-10,2016-06-22,1714.9,342.98,2057.88,2057.88,eur,CHUBB FRANCE,,,59110,INBEV LA MADELEINE,501508,825,,,,,,1.0,,20.0,90.1
5effd1ea9d87960df6161a24,R20180988781,R20180988781,2018-09-30,2018-11-30,2668.67,533.73,3202.4,3202.4,eur,HishceD,"- SAS au capital de 636 966 euros
Aix en Provence - APE 7311Z - TVA Intracommunautaire FR 434 030 9",403096670,FR 434 030 966 70,AB INBEV France,,FR35321336208,30056001910191221198059,,45 Jours Fin de Mois,,DGETBOX 01/2018,9.0,,,
5effd1ea9d87960df6161a24,R20180988781,R20180988781,2018-09-30,2018-11-30,2668.67,533.73,3202.4,3202.4,eur,HishceD,"- SAS au capital de 636 966 euros
Aix en Provence - APE 7311Z - TVA Intracommunautaire FR 434 030 9",403096670,FR 434 030 966 70,AB INBEV France,,FR35321336208,30056001910191221198059,,45 Jours Fin de Mois,,"[JULIE VERYSSER] DEMAT
BUDGETBOX CUBANISTO X6
2E
[JULIE VERYSSER] DEMAT",4.0,2.0,20.0,1.33
5effd1ea9d87960df6161a24,R20180988781,R20180988781,2018-09-30,2018-11-30,2668.67,533.73,3202.4,3202.4,eur,HishceD,"- SAS au capital de 636 966 euros
Aix en Provence - APE 7311Z - TVA Intracommunautaire FR 434 030 9",403096670,FR 434 030 966 70,AB INBEV France,,FR35321336208,30056001910191221198059,,45 Jours Fin de Mois,,"BUDGETBOX LEFFE
20X33/20x25CL 1.5E
[JULIE VERYSSER] DEMAT",3.0,1.5,20.0,0.75
5effd1ea9d87960df6161a24,R20180988781,R20180988781,2018-09-30,2018-11-30,2668.67,533.73,3202.4,3202.4,eur,HishceD,"- SAS au capital de 636 966 euros
Aix en Provence - APE 7311Z - TVA Intracommunautaire FR 434 030 9",403096670,FR 434 030 966 70,AB INBEV France,,FR35321336208,30056001910191221198059,,45 Jours Fin de Mois,,"BUDGETBOX LEFFE
SPECIALES 0.40E",2.0,0.4,20.0,0.13
5effd1ea9d87960df6161a24,R20180988781,R20180988781,2018-09-30,2018-11-30,2668.67,533.73,3202.4,3202.4,eur,HishceD,"- SAS au capital de 636 966 euros
Aix en Provence - APE 7311Z - TVA Intracommunautaire FR 434 030 9",403096670,FR 434 030 966 70,AB INBEV France,,FR35321336208,30056001910191221198059,,45 Jours Fin de Mois,,DGETBOX LEFFE 02/2018,3.0,,,
5effd1ea9d87960df6161a24,R20180988781,R20180988781,2018-09-30,2018-11-30,2668.67,533.73,3202.4,3202.4,eur,HishceD,"- SAS au capital de 636 966 euros
Aix en Provence - APE 7311Z - TVA Intracommunautaire FR 434 030 9",403096670,FR 434 030 966 70,AB INBEV France,,FR35321336208,30056001910191221198059,,45 Jours Fin de Mois,,[JULIE VERYSER] DEMAT,,,,
5effd1ea9d87960df6161a24,R20180988781,R20180988781,2018-09-30,2018-11-30,2668.67,533.73,3202.4,3202.4,eur,HishceD,"- SAS au capital de 636 966 euros
Aix en Provence - APE 7311Z - TVA Intracommunautaire FR 434 030 9",403096670,FR 434 030 966 70,AB INBEV France,,FR35321336208,30056001910191221198059,,45 Jours Fin de Mois,,"BUDGETBOX LEFFE ROYALE
1.20E",3.0,1.2,20.0,0.6
5effd1ea9d87960df6161a24,R20180988781,R20180988781,2018-09-30,2018-11-30,2668.67,533.73,3202.4,3202.4,eur,HishceD,"- SAS au capital de 636 966 euros
Aix en Provence - APE 7311Z - TVA Intracommunautaire FR 434 030 9",403096670,FR 434 030 966 70,AB INBEV France,,FR35321336208,30056001910191221198059,,45 Jours Fin de Mois,,DGET BOX CUBANISTO 1.20,14.0,,,
5effd1ea9d87960df6161a24,R20180988781,R20180988781,2018-09-30,2018-11-30,2668.67,533.73,3202.4,3202.4,eur,HishceD,"- SAS au capital de 636 966 euros
Aix en Provence - APE 7311Z - TVA Intracommunautaire FR 434 030 9",403096670,FR 434 030 966 70,AB INBEV France,,FR35321336208,30056001910191221198059,,45 Jours Fin de Mois,,"[JULIE VERYSER] DEMAT
BUDGET BOX CUBANISTO",14.0,1.2,20.0,2.8
5effd1ea9d87960df6161a24,R20180988781,R20180988781,2018-09-30,2018-11-30,2668.67,533.73,3202.4,3202.4,eur,HishceD,"- SAS au capital de 636 966 euros
Aix en Provence - APE 7311Z - TVA Intracommunautaire FR 434 030 9",403096670,FR 434 030 966 70,AB INBEV France,,FR35321336208,30056001910191221198059,,45 Jours Fin de Mois,,"L1.20E
2 PACKS CORONA 3E",588.0,,,
5effd1ea9d87960df6161a24,R20180988781,R20180988781,2018-09-30,2018-11-30,2668.67,533.73,3202.4,3202.4,eur,HishceD,"- SAS au capital de 636 966 euros
Aix en Provence - APE 7311Z - TVA Intracommunautaire FR 434 030 9",403096670,FR 434 030 966 70,AB INBEV France,,FR35321336208,30056001910191221198059,,45 Jours Fin de Mois,,"[JULIE VERYSER] DEMAT
LCL 2 PACKS CORONA 3E",588.0,3.0,20.0,294.0
5effd1ea9d87960df6161a24,R20180988781,R20180988781,2018-09-30,2018-11-30,2668.67,533.73,3202.4,3202.4,eur,HishceD,"- SAS au capital de 636 966 euros
Aix en Provence - APE 7311Z - TVA Intracommunautaire FR 434 030 9",403096670,FR 434 030 966 70,AB INBEV France,,FR35321336208,30056001910191221198059,,45 Jours Fin de Mois,,M PACK CORONA 08/2018,742.0,,,
5effd1ea9d87960df6161a24,R20180988781,R20180988781,2018-09-30,2018-11-30,2668.67,533.73,3202.4,3202.4,eur,HishceD,"- SAS au capital de 636 966 euros
Aix en Provence - APE 7311Z - TVA Intracommunautaire FR 434 030 9",403096670,FR 434 030 966 70,AB INBEV France,,FR35321336208,30056001910191221198059,,45 Jours Fin de Mois,,"[JULIE VERYSER] DEMAT
ITM OFR1 PACK CORONA",155.0,2.5,20.0,64.58
5effd1ea9d87960df6161a24,R20180988781,R20180988781,2018-09-30,2018-11-30,2668.67,533.73,3202.4,3202.4,eur,HishceD,"- SAS au capital de 636 966 euros
Aix en Provence - APE 7311Z - TVA Intracommunautaire FR 434 030 9",403096670,FR 434 030 966 70,AB INBEV France,,FR35321336208,30056001910191221198059,,45 Jours Fin de Mois,,"2.50E VERYSER] DEMAT
[JULIE
ITM OFR2 PACK CORONA",254.0,1.8,20.0,76.2
5effd1ea9d87960df6161a24,R20180988781,R20180988781,2018-09-30,2018-11-30,2668.67,533.73,3202.4,3202.4,eur,HishceD,"- SAS au capital de 636 966 euros
Aix en Provence - APE 7311Z - TVA Intracommunautaire FR 434 030 9",403096670,FR 434 030 966 70,AB INBEV France,,FR35321336208,30056001910191221198059,,45 Jours Fin de Mois,,"1.80E
[JULIE VERYSER] DEMAT
ITM OFR3 PACK CORONA 1E",106.0,1.0,20.0,17.67
5effd1ea9d87960df6161a24,R20180988781,R20180988781,2018-09-30,2018-11-30,2668.67,533.73,3202.4,3202.4,eur,HishceD,"- SAS au capital de 636 966 euros
Aix en Provence - APE 7311Z - TVA Intracommunautaire FR 434 030 9",403096670,FR 434 030 966 70,AB INBEV France,,FR35321336208,30056001910191221198059,,45 Jours Fin de Mois,,"[JULIE VERYSER] DEMAT
ITM OFR4 PACK CORONA 2E",227.0,2.0,20.0,75.67
5effd1ea9d87960df6161a25,,,,,,,,,eur,,,,,,,,,,,,,,,,
